model,mean_auc,NR-AR,NR-AR-LBD,NR-AhR,NR-Aromatase,NR-ER,NR-ER-LBD,NR-PPAR-gamma,SR-ARE,SR-AtAD5,SR-HSE,SR-MMP,SR-p53
RandomForest,0.7433148889332415,0.7013888888888888,0.8478033927794693,0.8312282406282892,0.7134587877704273,0.6489079102715466,0.650956901748041,0.7433421009370378,0.6906779661016949,0.7816901408450704,0.7330293819655522,0.8117384040880504,0.7655565511748308
MLP,0.7039007414992756,0.7482235142118863,0.8442801217920834,0.7358311067929723,0.7057482567495083,0.6438754427390792,0.6962025316455696,0.6195955942791386,0.6974015968623056,0.6502584530753546,0.6667071935157041,0.7526287342767296,0.6860563520509757
SMILES2vec,0.7234741968984099,0.6503552971576227,0.828882122662027,0.7879928750708444,0.6751296263186126,0.7291912632821724,0.7262658227848101,0.6314318592799606,0.7005649717514125,0.7468582539005074,0.7341843971631206,0.7723073899371069,0.6985264834727201
