model,mean_auc,val_auc,NR-AR,NR-AR-LBD,NR-AhR,NR-Aromatase,NR-ER,NR-ER-LBD,NR-PPAR-gamma,SR-ARE,SR-AtAD5,SR-HSE,SR-MMP,SR-p53
GIN,0.7500843354344413,0.7809033575892531,0.749515503875969,0.7528490648107873,0.8332523682292933,0.7780261040586447,0.7073494687131052,0.7138336347197107,0.6487752753575539,0.7322687584629032,0.7567221510883483,0.747355623100304,0.8317610062893082,0.7493030665073676
