model,mean_auc,val_auc,NR-AR,NR-AR-LBD,NR-AhR,NR-Aromatase,NR-ER,NR-ER-LBD,NR-PPAR-gamma,SR-ARE,SR-AtAD5,SR-HSE,SR-MMP,SR-p53
GIN,0.7497862956990543,0.7723057246715666,0.7977497846683893,0.7766855154414963,0.8165735567970205,0.7356070087609512,0.6534681227863044,0.7149638336347197,0.7768370869636693,0.693246019517206,0.7462891829089012,0.7548936170212766,0.7910033411949685,0.7401184786937476
