{
  "rows": [
    {
      "split": "filas_KFold_CON_FUGA",
      "n": 3664,
      "r2_cv_mean": 0.4467380899745992,
      "r2_cv_std": 0.0570841700922691,
      "r2_folds": "0.410381|0.383172|0.410350|0.502320|0.527467",
      "r2_ci95_low": 0.3994851818993708,
      "r2_ci95_high": 0.4986181828267761
    },
    {
      "split": "filas_GroupKFold_HONESTO",
      "n": 3664,
      "r2_cv_mean": -0.5287118931140399,
      "r2_cv_std": 0.7690243400566016,
      "r2_folds": "-2.058473|-0.190652|-0.232370|-0.164362|0.002297",
      "r2_ci95_low": -1.3060863658618262,
      "r2_ci95_high": -0.0832262990907976
    },
    {
      "split": "compuesto",
      "n": 94,
      "r2_cv_mean": -0.328570793473173,
      "r2_cv_std": 0.2721600879281893,
      "r2_folds": "-0.857806|-0.217186|-0.079386|-0.272001|-0.216474",
      "r2_ci95_low": -0.6014159875211247,
      "r2_ci95_high": -0.1453267878126168
    }
  ],
  "note": "Baseline honesto vs fuga \u2014 documentado en Fase 4 \u00a74."
}