split,n,r2_cv_mean,r2_cv_std,r2_folds,r2_ci95_low,r2_ci95_high
filas_KFold_CON_FUGA,3509,0.4402136657942532,0.015780510761218065,0.451555|0.429871|0.414266|0.456223|0.449154,0.42484458367925654,0.4529419461492782
filas_GroupKFold_HONESTO,3509,-0.2292722464732621,0.1946702592669667,-0.544165|-0.025190|-0.323062|-0.224306|-0.029638,-0.3970392546432864,-0.06679220753607482
compuesto,89,-0.5156853359003268,0.4074175043646788,-1.022749|-0.253099|-1.002150|-0.143377|-0.157052,-0.860579502881443,-0.17079116891921037
