{
  "rows": [
    {
      "split": "filas_KFold_CON_FUGA",
      "n": 3509,
      "r2_cv_mean": 0.4402136657942532,
      "r2_cv_std": 0.015780510761218,
      "r2_folds": "0.451555|0.429871|0.414266|0.456223|0.449154",
      "r2_ci95_low": 0.4248445836792565,
      "r2_ci95_high": 0.4529419461492782
    },
    {
      "split": "filas_GroupKFold_HONESTO",
      "n": 3509,
      "r2_cv_mean": -0.2292722464732621,
      "r2_cv_std": 0.1946702592669667,
      "r2_folds": "-0.544165|-0.025190|-0.323062|-0.224306|-0.029638",
      "r2_ci95_low": -0.3970392546432864,
      "r2_ci95_high": -0.0667922075360748
    },
    {
      "split": "compuesto",
      "n": 89,
      "r2_cv_mean": -0.5156853359003268,
      "r2_cv_std": 0.4074175043646788,
      "r2_folds": "-1.022749|-0.253099|-1.002150|-0.143377|-0.157052",
      "r2_ci95_low": -0.860579502881443,
      "r2_ci95_high": -0.1707911689192103
    }
  ],
  "note": "Baseline honesto vs fuga \u2014 documentado en Fase 4 \u00a74."
}