{
  "best_k": 2,
  "silhouette_by_k": {
    "2": 0.36017044974923623,
    "3": 0.34563668260403135,
    "4": 0.2965077959654524,
    "5": 0.29652745048069346,
    "6": 0.30851888220104945,
    "7": 0.31911969113161937,
    "8": 0.3191913152894936
  },
  "silhouette_best": 0.36017044974923623,
  "ari_vs_family": 0.007557590570076765,
  "pca_var_explained": 0.8044616688527182,
  "features_used": [
    "mw_freebase",
    "alogp",
    "psa",
    "hba",
    "hbd",
    "aromatic_rings",
    "rtb"
  ],
  "features_dropped": [
    "num_ro5_violations"
  ],
  "features_dropped_reason": "near-zero variance (nunique < 3)",
  "cluster_validity_note": "Partici\u00f3n exploratoria \u2014 no corresponde a familias (ARI=0.008, silhouette=0.36)",
  "corpus_structural_n": 151,
  "corpus_potency_n": 94
}