value_col,H,p,p_adjusted,epsilon2,k_groups,n,n_excluded_groups
mw_freebase,18.180533664541876,0.002728451600980054,0.0074037122761233445,0.10460741003604664,6,132,15
alogp,30.55341183623724,1.1474330528024955e-05,8.03203136961747e-05,0.20280485584315272,6,132,15
psa,12.470049194529711,0.028884862655257106,0.03369900643113329,0.05928610471848977,6,132,15
hba,9.431135103824952,0.09305482571240338,0.09305482571240338,0.03516773891924565,6,132,15
hbd,17.146209940736153,0.004230692729213339,0.0074037122761233445,0.09639849159314406,6,132,15
aromatic_rings,13.272508303166694,0.020954599416575577,0.029336439183205807,0.06565482780291026,6,132,15
rtb,17.545986151077173,0.0035726848063641326,0.0074037122761233445,0.09957131865934264,6,132,15
