value_col,H,p,p_adjusted,epsilon2,k_groups,n,n_excluded_groups
mw_freebase,13.206990472748355,0.02151436200104168,0.03303430546534716,0.0569929893940858,6,150,0
alogp,22.93729780901504,0.00034701121511628057,0.002429078505813964,0.12456456811816,6,150,0
psa,12.768603833378185,0.02564643619473539,0.03303430546534716,0.05394863773179295,6,150,0
hba,7.694689682904612,0.17388400928952233,0.17388400928952233,0.018713122797948695,6,150,0
hbd,15.642600657014556,0.007942117727799,0.0277974120472965,0.07390694900704553,6,150,0
aromatic_rings,13.051572743239275,0.022900239280315992,0.03303430546534716,0.055913699605828295,6,150,0
rtb,12.520174079466221,0.02831511897029756,0.03303430546534716,0.052223431107404315,6,150,0
